{"cameraMode":{"drawMode":0,"name":"Shaded","section":"Shading Mode"},"sceneLighting":true,"audioPlay":false,"sceneViewState":{"showFog":true,"showMaterialUpdate":false,"showSkybox":false,"showFlares":true,"showImageEffects":true,"showParticleSystems":true,"showVisualEffectGraphs":true,"m_FxEnabled":true},"in2DMode":false,"pivot":{"x":0.06319442391395569,"y":1.8910000324249268,"z":1.8180441856384278},"rotation":{"x":0.1453157663345337,"y":-0.5266227126121521,"z":0.09193292260169983,"w":0.832552969455719},"size":0.3473111689090729,"orthographic":false}